{
  "token_accuracy": 0.9617604617604618,
  "entity_f1": 0.2522522522522523,
  "entity_precision": 0.1917808219178082,
  "entity_recall": 0.3684210526315789,
  "relaxed_f1": 0.4742,
  "relaxed_precision": 0.3898,
  "relaxed_recall": 0.6053,
  "token_f1": 0.36,
  "token_precision": 0.3491,
  "token_recall": 0.4354,
  "per_aspect": {
    "SUBSTITUTION": {
      "f1": 0.3111111111111111,
      "precision": 0.20588235294117646,
      "recall": 0.6363636363636364
    },
    "QUANTITY": {
      "f1": 0.16666666666666666,
      "precision": 0.14285714285714285,
      "recall": 0.2
    },
    "TECHNIQUE": {
      "f1": 0.12903225806451615,
      "precision": 0.11764705882352941,
      "recall": 0.14285714285714285
    },
    "ADDITION": {
      "f1": 0.3478260869565218,
      "precision": 0.26666666666666666,
      "recall": 0.5
    }
  },
  "error_counts": {
    "span_boundary": 15,
    "aspect_confusion": 4,
    "false_negative": 5,
    "false_positive": 37,
    "correct": 456
  },
  "bootstrap_ci": {
    "lower": 0.13442577030812328,
    "upper": 0.3909182036888531
  },
  "num_examples": 496,
  "model_path": "models/checkpoints/hebert/P0_baseline/best_model"
}