{
  "token_accuracy": 0.9594747566221418,
  "entity_f1": 0.2545454545454545,
  "entity_precision": 0.19444444444444445,
  "entity_recall": 0.3684210526315789,
  "relaxed_f1": 0.5897,
  "relaxed_precision": 0.4915,
  "relaxed_recall": 0.7368,
  "token_f1": 0.4308,
  "token_precision": 0.4124,
  "token_recall": 0.5155,
  "per_aspect": {
    "SUBSTITUTION": {
      "f1": 0.36363636363636365,
      "precision": 0.24242424242424243,
      "recall": 0.7272727272727273
    },
    "QUANTITY": {
      "f1": 0.13333333333333333,
      "precision": 0.1,
      "recall": 0.2
    },
    "TECHNIQUE": {
      "f1": 0.13333333333333333,
      "precision": 0.125,
      "recall": 0.14285714285714285
    },
    "ADDITION": {
      "f1": 0.2857142857142857,
      "precision": 0.23076923076923078,
      "recall": 0.375
    }
  },
  "error_counts": {
    "span_boundary": 17,
    "aspect_confusion": 1,
    "false_negative": 6,
    "false_positive": 34,
    "correct": 459
  },
  "bootstrap_ci": {
    "lower": 0.1300760215394362,
    "upper": 0.40010638297872336
  },
  "num_examples": 496,
  "model_path": "models/checkpoints/xlmr/P0_baseline/best_model"
}