{
  "token_accuracy": 0.95418264094023,
  "entity_f1": 0.21086261980830673,
  "entity_precision": 0.21428571428571427,
  "entity_recall": 0.20754716981132076,
  "relaxed_f1": 0.511,
  "relaxed_precision": 0.576,
  "relaxed_recall": 0.4591,
  "token_f1": 0.3559,
  "token_precision": 0.4672,
  "token_recall": 0.2966,
  "per_aspect": {
    "SUBSTITUTION": {
      "f1": 0.1782178217821782,
      "precision": 0.2,
      "recall": 0.16071428571428573
    },
    "QUANTITY": {
      "f1": 0.2127659574468085,
      "precision": 0.20833333333333334,
      "recall": 0.21739130434782608
    },
    "TECHNIQUE": {
      "f1": 0.24778761061946902,
      "precision": 0.21875,
      "recall": 0.2857142857142857
    },
    "ADDITION": {
      "f1": 0.1923076923076923,
      "precision": 0.23809523809523808,
      "recall": 0.16129032258064516
    }
  },
  "error_counts": {
    "span_boundary": 49,
    "aspect_confusion": 19,
    "false_negative": 58,
    "false_positive": 46,
    "correct": 889
  },
  "bootstrap_ci": {
    "lower": 0.14580592105263163,
    "upper": 0.2824548251421449
  },
  "num_examples": 1012,
  "model_path": "models/checkpoints/hebert/P2_add_focal/best_model"
}