{
  "token_accuracy": 0.9640234948604993,
  "entity_f1": 0.31362467866323906,
  "entity_precision": 0.24206349206349206,
  "entity_recall": 0.44525547445255476,
  "per_aspect": {
    "SUBSTITUTION": {
      "f1": 0.32432432432432434,
      "precision": 0.24,
      "recall": 0.5
    },
    "QUANTITY": {
      "f1": 0.28,
      "precision": 0.2413793103448276,
      "recall": 0.3333333333333333
    },
    "TECHNIQUE": {
      "f1": 0.3597122302158273,
      "precision": 0.29411764705882354,
      "recall": 0.46296296296296297
    },
    "ADDITION": {
      "f1": 0.1923076923076923,
      "precision": 0.13157894736842105,
      "recall": 0.35714285714285715
    }
  },
  "error_counts": {
    "span_boundary": 47,
    "aspect_confusion": 14,
    "false_negative": 15,
    "false_positive": 130,
    "correct": 1376
  },
  "bootstrap_ci": {
    "lower": 0.2470048395086819,
    "upper": 0.3831184002912975
  },
  "num_examples": 1518,
  "model_path": "models/checkpoints/dictabert_large/best_model/"
}