{
  "token_accuracy": 0.9488967791022065,
  "entity_f1": 0.17777777777777776,
  "entity_precision": 0.1728395061728395,
  "entity_recall": 0.1830065359477124,
  "relaxed_f1": 0.5244,
  "relaxed_precision": 0.592,
  "relaxed_recall": 0.4706,
  "token_f1": 0.362,
  "token_precision": 0.4704,
  "token_recall": 0.3014,
  "per_aspect": {
    "SUBSTITUTION": {
      "f1": 0.2018348623853211,
      "precision": 0.20754716981132076,
      "recall": 0.19642857142857142
    },
    "QUANTITY": {
      "f1": 0.12499999999999997,
      "precision": 0.11538461538461539,
      "recall": 0.13636363636363635
    },
    "TECHNIQUE": {
      "f1": 0.14678899082568805,
      "precision": 0.12903225806451613,
      "recall": 0.1702127659574468
    },
    "ADDITION": {
      "f1": 0.24489795918367344,
      "precision": 0.2857142857142857,
      "recall": 0.21428571428571427
    }
  },
  "error_counts": {
    "span_boundary": 50,
    "aspect_confusion": 16,
    "false_negative": 59,
    "false_positive": 54,
    "correct": 886
  },
  "bootstrap_ci": {
    "lower": 0.11537878787878789,
    "upper": 0.24457353593611356
  },
  "num_examples": 1012,
  "model_path": "models/checkpoints/mbert/P2_add_focal/best_model"
}