{
  "token_accuracy": 0.9680802553579572,
  "entity_f1": 0.2641509433962264,
  "entity_precision": 0.20588235294117646,
  "entity_recall": 0.3684210526315789,
  "relaxed_f1": 0.5691,
  "relaxed_precision": 0.4746,
  "relaxed_recall": 0.7105,
  "token_f1": 0.392,
  "token_precision": 0.3751,
  "token_recall": 0.4614,
  "per_aspect": {
    "SUBSTITUTION": {
      "f1": 0.358974358974359,
      "precision": 0.25,
      "recall": 0.6363636363636364
    },
    "QUANTITY": {
      "f1": 0.14285714285714285,
      "precision": 0.1111111111111111,
      "recall": 0.2
    },
    "TECHNIQUE": {
      "f1": 0.1935483870967742,
      "precision": 0.17647058823529413,
      "recall": 0.21428571428571427
    },
    "ADDITION": {
      "f1": 0.2727272727272727,
      "precision": 0.21428571428571427,
      "recall": 0.375
    }
  },
  "error_counts": {
    "span_boundary": 16,
    "aspect_confusion": 5,
    "false_negative": 3,
    "false_positive": 34,
    "correct": 458
  },
  "bootstrap_ci": {
    "lower": 0.14282106782106785,
    "upper": 0.4102564102564102
  },
  "num_examples": 496,
  "model_path": "models/checkpoints/dictabert_large/P0_baseline/best_model"
}