{
  "token_accuracy": 0.9592533119229225,
  "entity_f1": 0.24342105263157895,
  "entity_precision": 0.2569444444444444,
  "entity_recall": 0.23125,
  "relaxed_f1": 0.5684,
  "relaxed_precision": 0.648,
  "relaxed_recall": 0.5062,
  "token_f1": 0.4048,
  "token_precision": 0.5149,
  "token_recall": 0.3399,
  "per_aspect": {
    "SUBSTITUTION": {
      "f1": 0.18749999999999997,
      "precision": 0.23076923076923078,
      "recall": 0.15789473684210525
    },
    "QUANTITY": {
      "f1": 0.15999999999999998,
      "precision": 0.14814814814814814,
      "recall": 0.17391304347826086
    },
    "TECHNIQUE": {
      "f1": 0.30927835051546393,
      "precision": 0.3125,
      "recall": 0.30612244897959184
    },
    "ADDITION": {
      "f1": 0.29508196721311475,
      "precision": 0.3,
      "recall": 0.2903225806451613
    }
  },
  "error_counts": {
    "span_boundary": 52,
    "aspect_confusion": 15,
    "false_negative": 56,
    "false_positive": 34,
    "correct": 895
  },
  "bootstrap_ci": {
    "lower": 0.17646023198011598,
    "upper": 0.3171655392380218
  },
  "num_examples": 1012,
  "model_path": "models/checkpoints/dictabert_large/P0_baseline/best_model"
}