{
  "token_accuracy": 0.9571533459198658,
  "entity_f1": 0.21631205673758863,
  "entity_precision": 0.14285714285714285,
  "entity_recall": 0.44525547445255476,
  "relaxed_f1": 0.4966,
  "relaxed_precision": 0.3552,
  "relaxed_recall": 0.8248,
  "token_f1": 0.4103,
  "token_precision": 0.2936,
  "token_recall": 0.6887,
  "per_aspect": {
    "SUBSTITUTION": {
      "f1": 0.24365482233502536,
      "precision": 0.1610738255033557,
      "recall": 0.5
    },
    "QUANTITY": {
      "f1": 0.1414141414141414,
      "precision": 0.08974358974358974,
      "recall": 0.3333333333333333
    },
    "TECHNIQUE": {
      "f1": 0.25365853658536586,
      "precision": 0.17218543046357615,
      "recall": 0.48148148148148145
    },
    "ADDITION": {
      "f1": 0.12698412698412698,
      "precision": 0.08163265306122448,
      "recall": 0.2857142857142857
    }
  },
  "error_counts": {
    "span_boundary": 58,
    "aspect_confusion": 11,
    "false_negative": 7,
    "false_positive": 284,
    "correct": 1300
  },
  "bootstrap_ci": {
    "lower": 0.16991907874260814,
    "upper": 0.2671759474497218
  },
  "num_examples": 1518,
  "model_path": "results/dictabert_large/A2_downsample_4/best_model"
}