{
  "token_accuracy": 0.9594540345242875,
  "entity_f1": 0.24281150159744408,
  "entity_precision": 0.24836601307189543,
  "entity_recall": 0.2375,
  "relaxed_f1": 0.5735,
  "relaxed_precision": 0.6412,
  "relaxed_recall": 0.5188,
  "token_f1": 0.4023,
  "token_precision": 0.4998,
  "token_recall": 0.3449,
  "per_aspect": {
    "SUBSTITUTION": {
      "f1": 0.198019801980198,
      "precision": 0.22727272727272727,
      "recall": 0.17543859649122806
    },
    "QUANTITY": {
      "f1": 0.15384615384615385,
      "precision": 0.13793103448275862,
      "recall": 0.17391304347826086
    },
    "TECHNIQUE": {
      "f1": 0.3333333333333333,
      "precision": 0.32075471698113206,
      "recall": 0.3469387755102041
    },
    "ADDITION": {
      "f1": 0.24137931034482757,
      "precision": 0.25925925925925924,
      "recall": 0.22580645161290322
    }
  },
  "error_counts": {
    "span_boundary": 49,
    "aspect_confusion": 19,
    "false_negative": 54,
    "false_positive": 39,
    "correct": 894
  },
  "bootstrap_ci": {
    "lower": 0.1725212074473945,
    "upper": 0.3170804731999416
  },
  "num_examples": 1012,
  "model_path": "models/checkpoints/dictabert_large/P1_add_weights/best_model"
}