{
  "token_accuracy": 0.952706438156506,
  "entity_f1": 0.20394736842105265,
  "entity_precision": 0.2080536912751678,
  "entity_recall": 0.2,
  "relaxed_f1": 0.5756,
  "relaxed_precision": 0.6406,
  "relaxed_recall": 0.5226,
  "token_f1": 0.398,
  "token_precision": 0.4945,
  "token_recall": 0.3403,
  "per_aspect": {
    "SUBSTITUTION": {
      "f1": 0.1923076923076923,
      "precision": 0.20833333333333334,
      "recall": 0.17857142857142858
    },
    "QUANTITY": {
      "f1": 0.16326530612244897,
      "precision": 0.15384615384615385,
      "recall": 0.17391304347826086
    },
    "TECHNIQUE": {
      "f1": 0.2061855670103093,
      "precision": 0.20408163265306123,
      "recall": 0.20833333333333334
    },
    "ADDITION": {
      "f1": 0.2592592592592593,
      "precision": 0.2692307692307692,
      "recall": 0.25
    }
  },
  "error_counts": {
    "span_boundary": 52,
    "aspect_confusion": 16,
    "false_negative": 56,
    "false_positive": 41,
    "correct": 889
  },
  "bootstrap_ci": {
    "lower": 0.14083564934759057,
    "upper": 0.26766169944608603
  },
  "num_examples": 1012,
  "model_path": "models/checkpoints/xlmr/P0_baseline/best_model"
}