{
  "token_accuracy": 0.9589856817877693,
  "entity_f1": 0.22972972972972971,
  "entity_precision": 0.25,
  "entity_recall": 0.2125,
  "relaxed_f1": 0.5328,
  "relaxed_precision": 0.6404,
  "relaxed_recall": 0.4562,
  "token_f1": 0.3891,
  "token_precision": 0.5196,
  "token_recall": 0.3187,
  "per_aspect": {
    "SUBSTITUTION": {
      "f1": 0.17204301075268819,
      "precision": 0.2222222222222222,
      "recall": 0.14035087719298245
    },
    "QUANTITY": {
      "f1": 0.19999999999999998,
      "precision": 0.18518518518518517,
      "recall": 0.21739130434782608
    },
    "TECHNIQUE": {
      "f1": 0.27083333333333337,
      "precision": 0.2765957446808511,
      "recall": 0.2653061224489796
    },
    "ADDITION": {
      "f1": 0.2807017543859649,
      "precision": 0.3076923076923077,
      "recall": 0.25806451612903225
    }
  },
  "error_counts": {
    "span_boundary": 43,
    "aspect_confusion": 19,
    "false_negative": 64,
    "false_positive": 29,
    "correct": 896
  },
  "bootstrap_ci": {
    "lower": 0.1629605501266739,
    "upper": 0.3093014937933936
  },
  "num_examples": 1012,
  "model_path": "results/dictabert_large/A1b_uniform_weights/best_model"
}