{
  "token_accuracy": 0.956984344125247,
  "entity_f1": 0.17834394904458598,
  "entity_precision": 0.11764705882352941,
  "entity_recall": 0.3684210526315789,
  "relaxed_f1": 0.503,
  "relaxed_precision": 0.369,
  "relaxed_recall": 0.7895,
  "token_f1": 0.3645,
  "token_precision": 0.304,
  "token_recall": 0.5234,
  "per_aspect": {
    "SUBSTITUTION": {
      "f1": 0.21875,
      "precision": 0.1320754716981132,
      "recall": 0.6363636363636364
    },
    "QUANTITY": {
      "f1": 0.08000000000000002,
      "precision": 0.05,
      "recall": 0.2
    },
    "TECHNIQUE": {
      "f1": 0.14285714285714285,
      "precision": 0.10714285714285714,
      "recall": 0.21428571428571427
    },
    "ADDITION": {
      "f1": 0.23076923076923078,
      "precision": 0.16666666666666666,
      "recall": 0.375
    }
  },
  "error_counts": {
    "span_boundary": 17,
    "aspect_confusion": 6,
    "false_negative": 1,
    "false_positive": 79,
    "correct": 431
  },
  "bootstrap_ci": {
    "lower": 0.0978787878787879,
    "upper": 0.26575757575757575
  },
  "num_examples": 496,
  "model_path": "results/dictabert_large/A2_downsample_4/best_model"
}