{
  "token_accuracy": 0.9613222013971716,
  "entity_f1": 0.2568807339449541,
  "entity_precision": 0.19718309859154928,
  "entity_recall": 0.3684210526315789,
  "relaxed_f1": 0.5322,
  "relaxed_precision": 0.4355,
  "relaxed_recall": 0.6842,
  "token_f1": 0.3931,
  "token_precision": 0.3692,
  "token_recall": 0.4796,
  "per_aspect": {
    "SUBSTITUTION": {
      "f1": 0.2916666666666667,
      "precision": 0.1891891891891892,
      "recall": 0.6363636363636364
    },
    "QUANTITY": {
      "f1": 0.16666666666666666,
      "precision": 0.14285714285714285,
      "recall": 0.2
    },
    "TECHNIQUE": {
      "f1": 0.13333333333333333,
      "precision": 0.125,
      "recall": 0.14285714285714285
    },
    "ADDITION": {
      "f1": 0.4210526315789474,
      "precision": 0.36363636363636365,
      "recall": 0.5
    }
  },
  "error_counts": {
    "span_boundary": 13,
    "aspect_confusion": 5,
    "false_negative": 6,
    "false_positive": 39,
    "correct": 452
  },
  "bootstrap_ci": {
    "lower": 0.1315302144249513,
    "upper": 0.39723404255319145
  },
  "num_examples": 496,
  "model_path": "models/checkpoints/dictabert/P2_add_focal/best_model"
}