{
  "token_accuracy": 0.9666981329976925,
  "entity_f1": 0.30270270270270266,
  "entity_precision": 0.24034334763948498,
  "entity_recall": 0.40875912408759124,
  "per_aspect": {
    "SUBSTITUTION": {
      "f1": 0.35555555555555557,
      "precision": 0.27586206896551724,
      "recall": 0.5
    },
    "QUANTITY": {
      "f1": 0.20408163265306123,
      "precision": 0.17857142857142858,
      "recall": 0.23809523809523808
    },
    "TECHNIQUE": {
      "f1": 0.34532374100719426,
      "precision": 0.2823529411764706,
      "recall": 0.4444444444444444
    },
    "ADDITION": {
      "f1": 0.1276595744680851,
      "precision": 0.09090909090909091,
      "recall": 0.21428571428571427
    }
  },
  "error_counts": {
    "span_boundary": 54,
    "aspect_confusion": 13,
    "false_negative": 14,
    "false_positive": 106,
    "correct": 1380
  },
  "bootstrap_ci": {
    "lower": 0.23820367153387484,
    "upper": 0.37166217057480794
  },
  "num_examples": 1518,
  "model_path": "models/checkpoints/dictabert/best_model/"
}