{
  "token_accuracy": 0.9335954011328091,
  "entity_f1": 0.12288135593220337,
  "entity_precision": 0.09090909090909091,
  "entity_recall": 0.1895424836601307,
  "relaxed_f1": 0.4645,
  "relaxed_precision": 0.3688,
  "relaxed_recall": 0.6275,
  "token_f1": 0.3558,
  "token_precision": 0.3287,
  "token_recall": 0.4134,
  "per_aspect": {
    "SUBSTITUTION": {
      "f1": 0.1313868613138686,
      "precision": 0.1111111111111111,
      "recall": 0.16071428571428573
    },
    "QUANTITY": {
      "f1": 0.10126582278481013,
      "precision": 0.07017543859649122,
      "recall": 0.18181818181818182
    },
    "TECHNIQUE": {
      "f1": 0.10416666666666666,
      "precision": 0.06896551724137931,
      "recall": 0.2127659574468085
    },
    "ADDITION": {
      "f1": 0.1875,
      "precision": 0.16666666666666666,
      "recall": 0.21428571428571427
    }
  },
  "error_counts": {
    "span_boundary": 67,
    "aspect_confusion": 21,
    "false_negative": 36,
    "false_positive": 175,
    "correct": 837
  },
  "bootstrap_ci": {
    "lower": 0.07964084856504838,
    "upper": 0.16667457305502845
  },
  "num_examples": 1012,
  "model_path": "models/checkpoints/mbert/P1_add_weights/best_model"
}