{
  "token_accuracy": 0.934078036500944,
  "entity_f1": 0.13866666666666666,
  "entity_precision": 0.08482871125611746,
  "entity_recall": 0.3795620437956204,
  "relaxed_f1": 0.3884,
  "relaxed_precision": 0.2561,
  "relaxed_recall": 0.8029,
  "token_f1": 0.3342,
  "token_precision": 0.2198,
  "token_recall": 0.7016,
  "per_aspect": {
    "SUBSTITUTION": {
      "f1": 0.1391941391941392,
      "precision": 0.08444444444444445,
      "recall": 0.3958333333333333
    },
    "QUANTITY": {
      "f1": 0.08928571428571429,
      "precision": 0.054945054945054944,
      "recall": 0.23809523809523808
    },
    "TECHNIQUE": {
      "f1": 0.16901408450704225,
      "precision": 0.10434782608695652,
      "recall": 0.4444444444444444
    },
    "ADDITION": {
      "f1": 0.09876543209876543,
      "precision": 0.05970149253731343,
      "recall": 0.2857142857142857
    }
  },
  "error_counts": {
    "span_boundary": 64,
    "aspect_confusion": 13,
    "false_negative": 8,
    "false_positive": 471,
    "correct": 1181
  },
  "bootstrap_ci": {
    "lower": 0.10600172361723911,
    "upper": 0.17059761353659506
  },
  "num_examples": 1518,
  "model_path": "models/checkpoints/dictabert_large/P3_add_downsample_2/best_model"
}