{
  "token_accuracy": 0.9495730831008539,
  "entity_f1": 0.1895424836601307,
  "entity_precision": 0.1895424836601307,
  "entity_recall": 0.1895424836601307,
  "relaxed_f1": 0.5246,
  "relaxed_precision": 0.6033,
  "relaxed_recall": 0.4641,
  "token_f1": 0.373,
  "token_precision": 0.477,
  "token_recall": 0.3116,
  "per_aspect": {
    "SUBSTITUTION": {
      "f1": 0.21818181818181817,
      "precision": 0.2222222222222222,
      "recall": 0.21428571428571427
    },
    "QUANTITY": {
      "f1": 0.08163265306122448,
      "precision": 0.07407407407407407,
      "recall": 0.09090909090909091
    },
    "TECHNIQUE": {
      "f1": 0.1836734693877551,
      "precision": 0.17647058823529413,
      "recall": 0.19148936170212766
    },
    "ADDITION": {
      "f1": 0.24489795918367344,
      "precision": 0.2857142857142857,
      "recall": 0.21428571428571427
    }
  },
  "error_counts": {
    "span_boundary": 47,
    "aspect_confusion": 16,
    "false_negative": 61,
    "false_positive": 43,
    "correct": 888
  },
  "bootstrap_ci": {
    "lower": 0.12416284695696463,
    "upper": 0.26209216492671095
  },
  "num_examples": 1012,
  "model_path": "models/checkpoints/mbert/P0_baseline/best_model"
}