{
  "token_accuracy": 0.9600935307872175,
  "entity_f1": 0.25,
  "entity_precision": 0.1891891891891892,
  "entity_recall": 0.3684210526315789,
  "relaxed_f1": 0.5313,
  "relaxed_precision": 0.4242,
  "relaxed_recall": 0.7105,
  "token_f1": 0.3501,
  "token_precision": 0.3284,
  "token_recall": 0.4288,
  "per_aspect": {
    "SUBSTITUTION": {
      "f1": 0.36363636363636365,
      "precision": 0.24242424242424243,
      "recall": 0.7272727272727273
    },
    "QUANTITY": {
      "f1": 0.15384615384615385,
      "precision": 0.125,
      "recall": 0.2
    },
    "TECHNIQUE": {
      "f1": 0.1081081081081081,
      "precision": 0.08695652173913043,
      "recall": 0.14285714285714285
    },
    "ADDITION": {
      "f1": 0.33333333333333326,
      "precision": 0.3,
      "recall": 0.375
    }
  },
  "error_counts": {
    "span_boundary": 15,
    "aspect_confusion": 5,
    "false_negative": 4,
    "false_positive": 39,
    "correct": 451
  },
  "bootstrap_ci": {
    "lower": 0.12946412101088367,
    "upper": 0.3762911426277763
  },
  "num_examples": 496,
  "model_path": "models/checkpoints/alephbert/P0_baseline/best_model"
}