{
  "token_accuracy": 0.9453010279001468,
  "entity_f1": 0.13710879284649777,
  "entity_precision": 0.08614232209737828,
  "entity_recall": 0.3357664233576642,
  "relaxed_f1": 0.41,
  "relaxed_precision": 0.2799,
  "relaxed_recall": 0.7664,
  "token_f1": 0.3458,
  "token_precision": 0.2366,
  "token_recall": 0.6496,
  "per_aspect": {
    "SUBSTITUTION": {
      "f1": 0.11914893617021274,
      "precision": 0.0748663101604278,
      "recall": 0.2916666666666667
    },
    "QUANTITY": {
      "f1": 0.14285714285714288,
      "precision": 0.09090909090909091,
      "recall": 0.3333333333333333
    },
    "TECHNIQUE": {
      "f1": 0.16216216216216214,
      "precision": 0.1024390243902439,
      "recall": 0.3888888888888889
    },
    "ADDITION": {
      "f1": 0.10126582278481013,
      "precision": 0.06153846153846154,
      "recall": 0.2857142857142857
    }
  },
  "error_counts": {
    "span_boundary": 69,
    "aspect_confusion": 12,
    "false_negative": 10,
    "false_positive": 386,
    "correct": 1238
  },
  "bootstrap_ci": {
    "lower": 0.10263179331515494,
    "upper": 0.17531359065620788
  },
  "num_examples": 1518,
  "model_path": "results/dictabert_large/A5_data_50pct/best_model"
}